url,url_text
lisp-developers,LISP Developers
moment-js-developers,Moment.js Developers
erp-developers,ERP Developers
informatica-developers,Informatica Developers
nuxt-js-developers,Nuxt.js Developers
octave-developers,Octave Developers
sap-developers,SAP Developers
qlikview-developers,QlikView Developers
hibernate-developers,Hibernate Developers
amazon-redshift-developers,Amazon Redshift Developers
spotfire-developers,Spotfire Developers
model-glue-developers,Model-Glue Developers
blender-3d-developers,Blender3D Developers
bigquery-developers,BigQuery Developers
ado-dot-net-developers,ADO.NET Developers
ldap-developers,LDAP Developers
liquid-developers,Liquid Developers
azure-data-lake-analytics-developers,Azure Data Lake Analytics Developers
pascal-developers,Pascal Developers
umbraco-developers,Umbraco Developers
adobe-flex-developers,Adobe Flex Developers
asp-dot-net-zero-developers,ASP.NET Zero Developers
c-plus-plus-11-developers,C++ 11 Developer
clarion-developers,Clarion Developers
google-api-developers,Google API Developers
hyperledger-developers,Hyperledger Developers
solidity-developers,Solidity Developers
phpixie-developers,PHPixie developers
material-ui-developers,Material UI Developers
stripe-developers,Stripe Developer
angular-2-developers,Angular 2 Developers
maya-developers,Maya Developers
cmake-developers,CMake Developer
data-visualization-developers,Data Visualization Developers
yaml-developers,YAML Developers
saas-developers,SaaS Developers
c-plus-plus-dotnet-developers,C++/.NET Developer
confluence-developers,Confluence Developers
jms-developers,JMS Developers
ember-js-developers,Ember.js Developer
aws-operations-engineers,AWS Operations Engineers
jinja-developers,Jinja Developers
neural-network-developers,Neural Network Developer
cms-developers,CMS Developers
vbscript-developers,VBScript Developers
prolog-developers,Prolog Developers
contentful-developers,Contentful Developers
rabbitmq-developers,RabbitMQ Developers
less-developers,LESS Developers
aws-iam-developers,AWS IAM developers
t-sql-developers,T-SQL Developers
buddypress-developers,BuddyPress Developer
javascript-react-developers,JavaScript/React Developer
dedicated-php-developers,Dedicated PHP Developer
linq-developers,LINQ Developers
hubspot-developers,HubSpot Developer
firebase-developers,Firebase Developers
ms-sql-developers,MS-SQL Developers
spring-mvc-developers,Spring MVC Developer
phpbb-developers,phpBB developers
jira-developers,Jira Developers
spring-developers,Spring Developer
dedicated-java-developers,Dedicated Java Developers
dedicated-wordpress-developers,Dedicated WordPress Developers
woocommerce-developers,WooCommerce Developers
big-data-developers,Big Data Developers
saml-developers,SAML Developers
apache-click-developers,Apache Click developer
webassembly-developers,WebAssembly Developers
xamarin-developers,Xamarin Developer
spark-developers,Apache Spark Developers
apache-hadoop-developers,Apache Hadoop Developer
aws-cloudwatch-developers,AWS CloudWatch developers
dotnet-developers,. NET Developer
matlab-engineers,MATLAB Engineers
auth0-developers,Auth0 Developers
elasticsearch-developers,Elasticsearch Developers
ios-developers,iOS Developer
cakephp-developers,CakePHP Developers
aws-emr-developers,AWS EMR developers
mixpanel-developers,Mixpanel Developers
modx-developers,MODX Developers
aws-kinesis-developers,AWS Kinesis Developers
photoshop-developers,Photoshop Developers
mongoose-developers,Mongoose Developers
access-developers,Access Developers
symfony-developers,Symfony Developers
rest-api-developers,REST API Developers
express-js-developers,Express.js Developers
python-csharp-developers,Python/C# developers
soap-developers,SOAP Developers
hubspot-api-developers,HubSpot API Developer
apache-developers,Apache Developer
scala-developers,Scala Developers
asp-dot-net-developers,ASP.NET Developer
aws-cli-developers,AWS CLI Developer
rspec-developers,RSpec Developers
haml-developers,Haml Developers
mustache-developers,Mustache Developers
user-acceptance-testing-developers,User Acceptance Testing Developers
apache-tomcat-developers,Apache Tomcat Developer
apache-sling-developers,Apache Sling Developer
apache-wicket-developers,Apache Wicket Developer
elk-stack-developers,ELK Stack Developers
excel-developers,Excel Developers
visual-studio-developers,Visual Studio Developers
nativescript-developers,NativeScript Developers
puppeteer-developers,Puppeteer Developers
javascript-developers,JavaScript Developer
bigcommerce-developers,BigCommerce Developers
apache-tapestry-developers,Apache Tapestry Developer
flash-developers,Flash Developer
apache-struts-2-developers,Apache Struts 2 Developer
nest-js-developers,NestJS Developer
yii-developers,Yii Developer
android-developers,Android Developer
database-administration-developers,Database Administration Developers
business-intelligence-developers,Business Intelligence Developers
jsp-developers,JSP Developers
microsoft-sql-server-developers,Microsoft SQL Server Developer
tailwind-css-developers,Tailwind CSS Developers
adonis-js-developers,Adonis.js Developers
laravel-developers,Laravel Developer
android-studio-developers,Android Studio Developers
spree-developers,Spree Developers
mvp-developers,MVP Developers
d3-js-developers,D3.js Developers
aws-cloud-engineers,AWS Cloud Engineers
data-warehousing-developers,Data Warehousing Developers
flutter-developers,Flutter Developers
next-js-developers,Next.js Developers
sql-developers,SQL Developers
ionic-developers,Ionic Developer
cassandra-developers,Cassandra Developers
dojo-developers,Dojo Developers
offshore-ruby-on-rails-developers,Offshore Ruby on Rails Developer
open-source-developers,Open Source Developers
php-unit-testing-developers,PHP Unit Testing Developers
zapier-developers,Zapier Developers
c-plus-plus-developers,C++ Developer
dropwizard-developers,Dropwizard Developers
dotnetnuke-developers,DotNetNuke Developers
jquery-developers,jQuery Developers
saltstack-developers,SaltStack Developers
cocos-2d-developers,Cocos2d Developers
nosql-developers,NoSQL Developers
sqlite-developers,SQLite Developer
redux-developers,Redux Developers
oracle-developers,Oracle Developers
mvc-developers,MVC Developers
codeigniter-developers,CodeIgniter Developers
seo-developers,SEO Developers
selenium-developers,Selenium Developers
xml-developers,XML Developers
roku-developers,Roku Developers
php-mysql-developers,PHP/MySQL Developers
datadog-developers,Datadog Developers
api-developers,API Developers
chrome-extension-developers,Chrome Extension Developers
typo3-developers,TYPO3 Developers
cosmos-db-developers,Cosmos DB Developers
electron-js-developers,Electron.js Developers
data-structures-developers,Data Structures Developers
unreal-engine-developers,Unreal Engine Developers
cobol-developers,COBOL Developers
asp-dot-net-mvc-developers,ASP.NET MVC Developers
sql-clr-developers,SQL CLR Developer
drf-django-rest-format-developers,DRF Django REST Format Developers
twitter-bootstrap-developers,Twitter Bootstrap Developers
solr-developers,Apache Solr Developers
vb-dot-net-developers,VB.NET Developers
sql-azure-developers,SQL Azure Developers
aws-lambda-developers,AWS Lambda Developers
android-app-developers,Android App Developer
apache-nifi-developers,Apache NiFi Developer
eclipse-rap-developers,Eclipse RAP Developers
flume-developers,Flume Developer
aws-solution-architects,AWS Solution Architects
apollo-server-developers,Apollo Server Developer
axure-rp-developers,Axure RP Developers
arcgis-developers,ArcGIS Developer
assembly-developers,Assembly Developer
vtiger-developers,Vtiger Developers
hybrid-app-developers,Hybrid App Developers
oracle-adf-developers,Oracle ADF Developers
aws-cognito-developers,AWS Cognito Developers
elm-developers,Elm Developers
rpa-developers,RPA Developers
elixir-developers,Elixir Developer
azure-eventhub-developers,Azure Event Hub Developers
delphi-developers,Delphi Developers
dagger-developers,Dagger Developer
schema-developers,Schema Developers
databricks-developers,Databricks Developers
coldfusion-developers,ColdFusion Developer
azure-functions-developers,Azure Functions Developers
code-review-developers,Code Review Developers
bayesian-statistics-developers,Bayesian statistics Developers
coffeescript-developers,CoffeeScript Developers
cognos-developers,Cognos Developers
chai-developers,Chai Developer
freelance-sql-developers,Freelance SQL Developer
classic-asp-programmers,Classic ASP Programmers
mocha-developers,Mocha Developers
couchdb-developers,CouchDB Developers
corba-developers,CORBA Developers
couchbase-server-developers,Couchbase Server Developers
css-grids-developers,CSS Grids Developers
freelance-app-developers,Freelance App Developer
consul-developers,Consul Developers
zoho-app-developers,Zoho app Developers
swagger-developers,Swagger Developers
teamcity-developers,TeamCity Developers
mobile-app-developers,Mobile App Developers
nft-developers,NFT Developers
dplyr-developers,dplyr Developer
odoo-developers,Odoo Developers
arduino-developers,Arduino Developer
silex-developers,Silex Developer
jee-developers,JEE Developers
numpy-developers,NumPy Developers
pyspark-developers,PySpark Developers
youtube-api-developers,YouTube API Developers
appexchange-developers,AppExchange Developers
azure-devops-engineers,Azure DevOps Engineers
dynamodb-developers,DynamoDB Developer
pytorch-developers,PyTorch Developers
rxjs-developers,RxJS Developers
unix-developers,Unix Developers
mobx-developers,MobX Developers
gtk-programmers,GTK Programmers
cypress-developers,Cypress Developers
babel-developers,Babel Developers
shell-script-developers,Shell Script Developers
scikit-learn-developers,Scikit-Learn Developers
freelance-software-developers,Freelance Software Developers
firewall-developers,Firewall Developers
groovy-developers,Groovy Developerss
python-developers,Python Developer
aws-developers,AWS Developer
bash-developers,Bash Developer
avalanche-developers,Avalanche Developers
azure-developers,Azure Developers
lua-developers,Lua Developers
azure-data-factory-developers,Azure Data Factory Developers
solana-developers,Solana Developers
test-automation-engineers,Test Automation Engineers
fastlane-developers,Fastlane Developers
jamstack-developers,Jamstack Developers
freelance-react-js-developers,Freelance React.js Developer
expressionengine-developers,ExpressionEngine Developers
nginx-developers,NGINX Developers
css3-developers,CSS3 Developers
freelance-django-developers,Freelance Django Developer
glsl-developers,GLSL Developers
gcc-developers,GCC Developers
etl-developers,ETL Developers
microsoft-dynamics-nav-developers,Microsoft Dynamics NAV Developers
gradle-developers,Gradle Developers
ethereum-developers,Ethereum Developers
scrum-developers,Scrum Developers
threejs-developers,Three.js Developer
grails-developers,Grails Developers
jasperreports-developers,JasperReports Developers
pandas-developers,Pandas Developer
c-developers,C Developers
ext-js-developers,Ext JS Developers
metaverse-developers,Metaverse Developers
java-ee-developers,Java EE Developers
java-python-developers,Java/Python Developers
freelance-node-js-developers,Freelance Node.js Developer
startup-developers,Startup Developers
data-migration-engineers,Data Migration Engineers
bitbucket-developers,Bitbucket Developers
csharp-developers,C# Developer
foxpro-developers,FoxPro Developers
freelance-python-developers,Freelance Python Developer
f-sharp-developers,F# Developers
maven-developers,Maven Developers
blockchain-developers,Blockchain Developer
elgg-developers,Elgg Developers
freelance-javascript-developers,Freelance JavaScript Developer
fortran-developers,Fortran Developers
fpga-developers,FPGA Developers
erlang-developers,Erlang Developers
aws-amplify-developers,AWS Amplify Developers
fusebox-developers,Fusebox Developers
sidekiq-developers,Sidekiq Developers
offshore-node-js-developers,Offshore Node Developers
espresso-developers,Espresso Developers
freelance-android-developers,Freelance Android Developers
dedicated-iphone-developers,Dedicated iPhone Developers
iphone-developers,iPhone Developers
atlassian-confluence-developers,Atlassian Confluence Developers
ios-android-developers,iOS / Android Developer
hive-developers,Hive Developers
swiftui-developers,SwiftUI Developers
preact-developers,Preact Developers
ipad-developers,iPad Developer
crm-developers,CRM Developers
sparql-developers,SPARQL Developer
joomla-developers,Joomla Developer
react-native-developers,React Native Developer
dedicated-magento-developers,Dedicated Magento Developers
node-js-raspberry-pi-developers,Node.js / Raspberry Pi Developers
spring-boot-developers,Spring Boot Developers
apache-kafka-developers,Apache Kafka Developer
aws-devops-engineers,AWS DevOps Engineers
bootstrap-developers,Bootstrap Developers
algorithm-developers,Algorithm Developers
embedded-system-developers,Embedded System Developers
cython-developers,Cython Developers
offshore-java-developers,Offshore Java Developers
deep-learning-experts,Deep Learning Experts
apache-ofbiz-developers,Apache OFBiz Developer
amazon-ec2-developers,Amazon EC2 Developers
golang-developers,Golang Developers
opencv-developers,OpenCV Developer
kafka-developers,Kafka Developer
magento-2-developers,Magento 2 Developers
jade-developers,JADE Developers
voip-developers,VoIP Developers
html5-developers,HTML5 Developers
graphql-developers,GraphQL Developer
hyperledger-fabric-developers,Hyperledger Fabric Developer
kubernetes-developers,Kubernetes Developers
webpack-developers,Webpack Developers
heroku-developers,Heroku Developers
haproxy-developers,HAProxy Developers
angular-developers,Angular Developer
spa-developers,SPA Developers
discord-bot-developers,Discord Bot Developers
nlp-developers,NLP Developers
uml-developers,UML Developer
cuda-developers,CUDA Developers
ffmpeg-developers,FFmpeg Developers
cordova-developers,Cordova Developers
salesforce-lightning-developers,Salesforce Lightning Developers
system-security-developers,System Security Developer
jruby-developers,JRuby Developer
typescript-developers,Typescript Developers
web-animation-developers,Web Animation Developers
tensorflow-developers,TensorFlow Developers
appfuse-developers,AppFuse Developers
devise-developers,Devise Developers
php-wordpress-developers,PHP/WordPress developers
cardano-developers,Cardano Developers
distributed-systems-engineers,Distributed System Engineers
directx-developers,DirectX Developers
jest-developers,Jest Developers
cyber-security-experts,Cyber Security Experts
freelance-wordpress-developers,Freelance WordPress Developers
clojure-developers,Clojure Developers
firmware-developers,Firmware Developers
power-bi-developers,Power BI Developers
iot-developers,IoT Developers
flask-developers,Flask Developer
jasmine-developers,Jasmine Developers
haskell-developers,Haskell Developers
vanilla-js-developers,Vanilla JS Developers
aurelia-developers,Aurelia Developer
jdbc-developers,JDBC Developers
unity-developers,Unity Developers
flux-developers,Flux Developers
tornado-developers,Tornado Developer
financial-software-developers,Financial Software Developers
r-developers,R Developers
jboss-developers,JBoss Developers
vaadin-developers,Vaadin Developers
web3-developers,Web3 Developers
fintech-developers,Fintech Developers
dart-developers,Dart Developers
phpstorm-developers,PhpStorm Expert
mysql-developers,MySQL Developers
autoit-developers,AutoIt Developers
drupal-developers,Drupal Developers
vue-js-developers,Vue.js Developer
bitcoin-experts,Bitcoin Experts
svelte-developers,Svelte Developers
jhipster-developers,JHipster Developers
jekyll-developers,Jekyll Developers
aws-rds-developers,AWS RDS Developers
visualforce-developers,Visualforce Developers
ansible-developers,Ansible Developer
cli-developers,CLI Developer
julia-developers,Julia Developers
zk-developers,ZK Developers
php7-developers,PHP 7 developers
php5-developers,PHP 5 Developer
xquery-developers,XQuery Developers
jupyter-developers,Jupyter Developers
big-data-architects,Big Data Architects
apex-developers,Apex Developers
iphone-app-developers,iPhone App Developer
knockout-js-developers,Knockout.js Developers
eclipse-developers,Eclipse Developers
verilog-developers,Verilog Developers
xslt-developers,XSLT Developers
kibana-developers,Kibana Developers
actionscript-developers,ActionScript Developer
apache-cordova-developers,Apache Cordova Developer
xhtml-developers,XHTML Developers
elementor-developers,Elementor Developers
socket-io-developers,Socket.IO Developers
wsdl-developers,WSDL Developers
oracle-sql-developers,Oracle SQL Developers
bubble-developers,Bubble Developer
mvvm-developers,MVVM Developers
labview-developers,LabVIEW Developers
ios-app-engineers,iOS App Engineers
xaml-developers,XAML Developers
sails-js-developers,Sails.js Developers
css-developers,CSS Developer
javafx-developers,JavaFX Developers
tableau-developers,Tableau Developers
ruby-on-rails-developers,Ruby on Rails Developer
python-27-developers,Python 2.7 Developer
swift-developers,Swift Developer
mariadb-developers,MariaDB Developers
react-hooks-developers,React Hooks Developer
xpath-developers,XPath Developers
database-integration-engineers,Data Integration Engineers
grafana-developers,Grafana Developers
python-3x-developers,Python 3.x Developer
marketo-developers,Marketo Developers
sql-tuning-developers,SQL Tuning Developers
csharp-dotnet-developers,C#/.NET Developers
lumen-developers,Lumen Developers
automation-developers,Automation Developers
cocoa-developers,Cocoa Developers
grpc-developers,gRPC Developers
kotlin-developers,Kotlin Developers
yesod-developers,Yesod Developers
logstash-developers,Logstash Developers
pwa-developers,PWA Developers
postgresql-developers,PostgreSQL Developer
django-developers,Django Developer
android-sdk-developers,Android SDK Developers
puremvc-developers,PureMVC Developer
demandware-developers,Demandware Developers
python-pandas-developers,Python Pandas Developer
c-programming-developers,C Programming Developers
wordpress-developers,WordPress Developers
java-developers,Java Developers
apache-beam-developers,Apache Beam Developers
cryptocurrency-developers,Cryptocurrency Developers
python-3-developers,Python 3 Developer
salesforce-developers,Salesforce Developer
nexus-developers,Nexus Developers
agavi-developers,Agavi Developer
aem-developers,AEM Developers
soql-developers,SOQL Developer
phoenix-developers,Phoenix Developers
docker-developers,Docker Developers
lamp-developers,LAMP Developers
payment-processing-developers,Payment Processing Developers
objective-c-developers,Objective-C Developers
bitcoin-cash-developers,Bitcoin Cash Developer
angular-js-experts,AngularJS Experts
linux-developers,Linux Developers
hadoop-developers,Hadoop Developers
object-oriented-developers,Object-Oriented Developers
breeze-js-developers,Breeze.js Developer
html-developers,HTML Developer
figma-developers,Figma Developers
magento-developers,Magento Developer
angular-js-developers,AngularJS Developer
openstack-developers,OpenStack Developers
aws-iot-developers,AWS IoT developers
sql-azure-specialists,SQL Azure Specialists
ci-cd-engineers,CI/CD Engineer
core-java-developers,Core Java Developers
sequelize-developers,Sequelize Developers
node-js-developers,Node.js Developer
sass-developers,Saas Developers
apache-airflow-developers,Apache Airflow Developer
ocaml-developers,OCaml Developers
arkit-developers,ARKit Developer
crystal-reports-developers,Crystal Reports Developers
ssh-developers,SSH Developer
prometheus-developers,Prometheus Developers
xcode-developers,Xcode Developers
windows-developers,Windows Developers
bokeh-developers,Bokeh Developer
fuelphp-developers,FuelPHP Developer
bitcoin-developers,Bitcoin Developer
netbeans-developers,NetBeans Developers
javascript-wordpress-developers,JavaScript / WordPress Developers
plotly-developers,Plotly Developers
json-developers,JSON Developers
c-plus-plus-vba-developers,C++/VBA Developers
mojolicious-developers,Mojolicious Developers
abap-developers,ABAP Developers
robotics-engineers,Robotics Engineers
php-developers,PHP Developer
alteryx-developers,Alteryx Developer
offshore-jquery-developers,Offshore jQuery Developers
mongodb-developers,MongoDB Developer
phpfox-developers,PHPFox developers
gitlab-ci-developers,GitLab CI Developers
angular-4-developers,Angular 4 Developers
turbogears-developers,TurboGears Developer
data-pipelines-developers,Data Pipelines Developer
gatsby-js-developers,GatsbyJS Developer
freelance-ios-developers,Freelance iOS Developers
backbone-js-developers,Backbone.js Developers
offshore-angular-js-developers,Offshore AngularJS Developer
jenkins-developers,Jenkins Developers
freelance-programmers,Freelance Programmers
offshore-javascript-developers,Offshore JavaScript Developer
offshore-developers,Offshore Developers
angular-5-developers,Angular 5 Developers
dedicated-dotnet-developers,Dedicated .NET developers
objective-c-plus-plus-developers,Objective C++ Developers
android-ndk-developers,Android NDK Developer
tvos-developers,tvOS Developer
phpunit-developers,PHPUnit Developer
perl-developers,Perl Developers
offshore-python-developers,Offshore Python developers
pl-sql-developers,PL/SQL Developers
yii-2-developers,Yii 2 Developer
arcore-developers,ARCore Developer
asterisk-developers,Asterisk Developer
squarespace-developers,Squarespace Developer
react-js-developers,ReactJS Developer
angular-6-developers,Angular 6 Developers
filemaker-developers,FileMaker Developers
offshore-react-native-developers,Offshore React Native Developer
offshore-php-developers,Offshore PHP Developer
offshore-woocommerce-programmers,Offshore WooCommerce Programmer
wpf-developers,WPF Developers
dotnet-core-developers,.NET Core Developers
game-developers,Game Developer
sitecore-developers,Sitecore Developers
ruby-developers,Ruby Developer
offshore-programmers,Offshore Programmers
qt-developers,Qt Developers
chatbot-developers,Chatbot Developers
dedicated-android-developers,Dedicated Android developers
ecommerce-developers,E-commerce Developers
phonegap-developers,PhoneGap Developers
shopify-developers,Shopify Developers
ibeacon-developers,iBeacon Developers
offshore-dot-net-programmers,Offshore .NET Programmers
rust-developers,Rust Developer
facebook-api-developers,Facebook API Developers
oscommerce-developers,OsCommerce Developers
ant-design-developers,Ant Design Developer
offshore-software-developers,Offshore Software Developer
offshore-android-developers,Offshore Android developers
offshore-ai-developers,Offshore AI Developers
gcp-developers,GCP Developers
prestashop-developers,Prestashop Developers
vba-developers,VBA Developers
ajax-developers,Ajax Developer
react-web-developers,React Web Developer
offshore-web-developers,Offshore Web Developers
terraform-developers,Terraform Developers
offshore-magento-developers,Offshore Magento Developers
offshore-wordpress-developers,Offshore WordPress Developer
spotify-developers,Spotify Developers
php-laravel-developers,PHP/Laravel developers
redis-developers,Redis Developer
instagram-api-developers,Instagram API Developers
webrtc-developers,WebRTC Developers
github-developers,Github Developers
react-node-developers,React/Node Developers
opencart-developers,OpenCart Developers
offshore-ios-developers,Outsource iOS Developers
offshore-dedicated-developers,Offshore dedicated Developers
dedicated-web-developers,Dedicated Web Developers
ui-developers,UI Developers
data-mining-developers,Data Mining Developers
full-stack-java-developers,Full-stack Java Developers
cloud-architects,Cloud Architects
cloud-engineers,Cloud Engineers
internet-security-developers,Internet Security Developers
computer-vision-engineers,Computer Vision Engineers
cloud-infrastructure-architects,Cloud Infrastructure Architect
dedicated-mobile-app-developers,Dedicated Mobile App Developers
computer-scientists,Computer Scientists
web-crawler-developers,Web Crawler Developers
augmented-reality-developers,Augmented Reality Developers
web-developers,Web Developers
agile-developers,Agile Developers
freelance-developers,Freelance Developers
full-stack-node-js-developers,Full-stack Node.js Developers
app-developers,App Developers
microsoft-biztalk-server-developers,Microsoft BizTalk Server Developers
dao-developers,DAO Developers
ml-engineers,ML Engineers
full-stack-dotnet-developers,Full-Stack .Net Developers
defi-developers,DeFi Developers
devops-engineers,DevOps Engineers
full-stack-php-developers,Full-Stack PHP Developer
performance-testing-developers,Performance Testing Developers
core-data-developers,Core Data Developers
freelance-web-developers,Freelance Web Developers
data-management-engineers,Data Management Engineer
data-modeling-experts,Data Modeling Experts
cucumber-developers,Cucumber Developers
data-scraping-specialists,Data Scraping Specialists
data-analysts,Data Analyst
dedicated-developers,Dedicated Developers
data-modeling-analysts,Data Modeling Analysts
dedicated-front-end-developers,Dedicated Front-end Developers
mobile-developers,Mobile Developers
full-stack-python-developers,Full-Stack Python Developer
front-end-developers,Front-End Developers
database-design-developers,Database Design Developers
ai-engineers,AI Engineers
front-end-web-developers,Front-End Web Developers
cloud-infrastructure-engineers,Cloud Infrastructure Engineer
full-stack-developers,Full-Stack Developers
web-designers,Web Designers
offshore-laravel-developers,Offshore Laravel Developers
offshore-mobile-app-developers,Offshore Mobile App Developers
data-engineers,Data Engineer
back-end-developers,Back-End Developers
offshore-app-developers,Offshore App Developers
nopcommerce-developers,nopCommerce Developers
database-developers,Database Developers
data-scientists,Data Scientists
offshore-symfony-developers,Offshore Symfony Developers
software-tech-lead-managers,Software Tech Lead Managers
senior-software-engineers,Senior Software Engineers
senior-android-developers,Senior Android Developer
senior-node-js-developers,Senior Node Developers
senior-ruby-developers,Senior Ruby Developer
software-tech-leads,Software Tech Leads
software-architects,Software Architects
senior-software-tech-leads,Senior Software Tech Leads
senior-software-tech-lead-managers,Senior Software Tech Lead Managers
director-of-engineering,Director of Engineering
software-engineers,Software Engineers
software-developers,Software Developers
vp-of-engineering,VP of Engineering
senior-software-architects,Senior Software Architects